speed_rpm,torque_Nm,efficiency_pct,mech_power_kW,elec_power_kW,peak_torque_limit_Nm,cont_torque_limit_Nm,peak_power_limit_kW,cont_power_limit_kW,within_peak_envelope,within_cont_envelope
0,0,,0.0,,240.0,95.0,0.0,0.0,1,1
0,10,86.73,0.0,0.0,240.0,95.0,0.0,0.0,1,1
0,20,87.45,0.0,0.0,240.0,95.0,0.0,0.0,1,1
0,30,87.81,0.0,0.0,240.0,95.0,0.0,0.0,1,1
0,40,87.96,0.0,0.0,240.0,95.0,0.0,0.0,1,1
0,50,88.03,0.0,0.0,240.0,95.0,0.0,0.0,1,1
0,60,88.07,0.0,0.0,240.0,95.0,0.0,0.0,1,1
0,70,88.1,0.0,0.0,240.0,95.0,0.0,0.0,1,1
0,80,88.14,0.0,0.0,240.0,95.0,0.0,0.0,1,1
0,90,88.17,0.0,0.0,240.0,95.0,0.0,0.0,1,1
0,100,88.21,0.0,0.0,240.0,95.0,0.0,0.0,1,0
0,110,88.23,0.0,0.0,240.0,95.0,0.0,0.0,1,0
0,120,88.24,0.0,0.0,240.0,95.0,0.0,0.0,1,0
0,130,88.23,0.0,0.0,240.0,95.0,0.0,0.0,1,0
0,140,88.22,0.0,0.0,240.0,95.0,0.0,0.0,1,0
0,150,88.19,0.0,0.0,240.0,95.0,0.0,0.0,1,0
0,160,88.16,0.0,0.0,240.0,95.0,0.0,0.0,1,0
0,170,88.13,0.0,0.0,240.0,95.0,0.0,0.0,1,0
0,180,88.1,0.0,0.0,240.0,95.0,0.0,0.0,1,0
0,190,88.07,0.0,0.0,240.0,95.0,0.0,0.0,1,0
0,200,88.05,0.0,0.0,240.0,95.0,0.0,0.0,1,0
0,210,88.02,0.0,0.0,240.0,95.0,0.0,0.0,1,0
0,220,88.0,0.0,0.0,240.0,95.0,0.0,0.0,1,0
0,230,87.93,0.0,0.0,240.0,95.0,0.0,0.0,1,0
0,240,87.52,0.0,0.0,240.0,95.0,0.0,0.0,1,0
250,0,,0.0,,236.39,98.32,6.19,2.57,1,1
250,10,87.28,0.262,0.3,236.39,98.32,6.19,2.57,1,1
250,20,88.02,0.524,0.595,236.39,98.32,6.19,2.57,1,1
250,30,88.42,0.785,0.888,236.39,98.32,6.19,2.57,1,1
250,40,88.63,1.047,1.181,236.39,98.32,6.19,2.57,1,1
250,50,88.75,1.309,1.475,236.39,98.32,6.19,2.57,1,1
250,60,88.83,1.571,1.768,236.39,98.32,6.19,2.57,1,1
250,70,88.89,1.832,2.062,236.39,98.32,6.19,2.57,1,1
250,80,88.95,2.094,2.355,236.39,98.32,6.19,2.57,1,1
250,90,89.01,2.356,2.647,236.39,98.32,6.19,2.57,1,1
250,100,89.06,2.618,2.939,236.39,98.32,6.19,2.57,1,0
250,110,89.09,2.88,3.232,236.39,98.32,6.19,2.57,1,0
250,120,89.1,3.141,3.526,236.39,98.32,6.19,2.57,1,0
250,130,89.09,3.403,3.82,236.39,98.32,6.19,2.57,1,0
250,140,89.07,3.665,4.115,236.39,98.32,6.19,2.57,1,0
250,150,89.03,3.927,4.411,236.39,98.32,6.19,2.57,1,0
250,160,88.98,4.188,4.707,236.39,98.32,6.19,2.57,1,0
250,170,88.93,4.45,5.004,236.39,98.32,6.19,2.57,1,0
250,180,88.88,4.712,5.302,236.39,98.32,6.19,2.57,1,0
250,190,88.82,4.974,5.6,236.39,98.32,6.19,2.57,1,0
250,200,88.76,5.236,5.899,236.39,98.32,6.19,2.57,1,0
250,210,88.7,5.497,6.198,236.39,98.32,6.19,2.57,1,0
250,220,88.63,5.759,6.498,236.39,98.32,6.19,2.57,1,0
250,230,88.53,6.021,6.801,236.39,98.32,6.19,2.57,1,0
250,240,,6.283,,236.39,98.32,6.19,2.57,0,0
500,0,,0.0,,238.75,105.05,12.5,5.5,1,1
500,10,87.86,0.524,0.596,238.75,105.05,12.5,5.5,1,1
500,20,88.66,1.047,1.181,238.75,105.05,12.5,5.5,1,1
500,30,89.17,1.571,1.761,238.75,105.05,12.5,5.5,1,1
500,40,89.54,2.094,2.339,238.75,105.05,12.5,5.5,1,1
500,50,89.81,2.618,2.915,238.75,105.05,12.5,5.5,1,1
500,60,89.99,3.141,3.491,238.75,105.05,12.5,5.5,1,1
500,70,90.11,3.665,4.067,238.75,105.05,12.5,5.5,1,1
500,80,90.21,4.188,4.643,238.75,105.05,12.5,5.5,1,1
500,90,90.31,4.712,5.217,238.75,105.05,12.5,5.5,1,1
500,100,90.4,5.236,5.792,238.75,105.05,12.5,5.5,1,1
500,110,90.45,5.759,6.367,238.75,105.05,12.5,5.5,1,0
500,120,90.46,6.283,6.945,238.75,105.05,12.5,5.5,1,0
500,130,90.43,6.806,7.526,238.75,105.05,12.5,5.5,1,0
500,140,90.39,7.33,8.109,238.75,105.05,12.5,5.5,1,0
500,150,90.33,7.853,8.694,238.75,105.05,12.5,5.5,1,0
500,160,90.25,8.377,9.282,238.75,105.05,12.5,5.5,1,0
500,170,90.17,8.901,9.871,238.75,105.05,12.5,5.5,1,0
500,180,90.07,9.424,10.463,238.75,105.05,12.5,5.5,1,0
500,190,89.95,9.948,11.059,238.75,105.05,12.5,5.5,1,0
500,200,89.81,10.471,11.659,238.75,105.05,12.5,5.5,1,0
500,210,89.63,10.995,12.266,238.75,105.05,12.5,5.5,1,0
500,220,89.45,11.518,12.877,238.75,105.05,12.5,5.5,1,0
500,230,89.24,12.042,13.493,238.75,105.05,12.5,5.5,1,0
500,240,,12.565,,238.75,105.05,12.5,5.5,0,0
750,0,,0.0,,240.0,113.68,18.97,8.93,1,1
750,10,88.19,0.785,0.891,240.0,113.68,18.97,8.93,1,1
750,20,89.09,1.571,1.763,240.0,113.68,18.97,8.93,1,1
750,30,89.81,2.356,2.623,240.0,113.68,18.97,8.93,1,1
750,40,90.48,3.141,3.472,240.0,113.68,18.97,8.93,1,1
750,50,91.03,3.927,4.313,240.0,113.68,18.97,8.93,1,1
750,60,91.39,4.712,5.156,240.0,113.68,18.97,8.93,1,1
750,70,91.61,5.497,6.001,240.0,113.68,18.97,8.93,1,1
750,80,91.78,6.283,6.845,240.0,113.68,18.97,8.93,1,1
750,90,91.94,7.068,7.688,240.0,113.68,18.97,8.93,1,1
750,100,92.07,7.853,8.529,240.0,113.68,18.97,8.93,1,1
750,110,92.15,8.639,9.375,240.0,113.68,18.97,8.93,1,1
750,120,92.15,9.424,10.227,240.0,113.68,18.97,8.93,1,0
750,130,92.1,10.209,11.085,240.0,113.68,18.97,8.93,1,0
750,140,92.03,10.995,11.947,240.0,113.68,18.97,8.93,1,0
750,150,91.94,11.78,12.813,240.0,113.68,18.97,8.93,1,0
750,160,91.82,12.565,13.684,240.0,113.68,18.97,8.93,1,0
750,170,91.69,13.351,14.561,240.0,113.68,18.97,8.93,1,0
750,180,91.52,14.136,15.446,240.0,113.68,18.97,8.93,1,0
750,190,91.3,14.921,16.344,240.0,113.68,18.97,8.93,1,0
750,200,91.0,15.707,17.26,240.0,113.68,18.97,8.93,1,0
750,210,90.62,16.492,18.199,240.0,113.68,18.97,8.93,1,0
750,220,90.22,17.277,19.151,240.0,113.68,18.97,8.93,1,0
750,230,89.81,18.063,20.112,240.0,113.68,18.97,8.93,1,0
750,240,89.16,18.848,21.139,240.0,113.68,18.97,8.93,1,0
1000,0,,0.0,,240.0,119.38,25.5,12.5,1,1
1000,10,88.33,1.047,1.185,240.0,119.38,25.5,12.5,1,1
1000,20,89.32,2.094,2.345,240.0,119.38,25.5,12.5,1,1
1000,30,90.22,3.141,3.482,240.0,119.38,25.5,12.5,1,1
1000,40,91.15,4.188,4.595,240.0,119.38,25.5,12.5,1,1
1000,50,91.94,5.236,5.695,240.0,119.38,25.5,12.5,1,1
1000,60,92.45,6.283,6.795,240.0,119.38,25.5,12.5,1,1
1000,70,92.77,7.33,7.901,240.0,119.38,25.5,12.5,1,1
1000,80,93.02,8.377,9.006,240.0,119.38,25.5,12.5,1,1
1000,90,93.26,9.424,10.106,240.0,119.38,25.5,12.5,1,1
1000,100,93.45,10.471,11.205,240.0,119.38,25.5,12.5,1,1
1000,110,93.55,11.518,12.312,240.0,119.38,25.5,12.5,1,1
1000,120,93.54,12.565,13.434,240.0,119.38,25.5,12.5,1,0
1000,130,93.46,13.613,14.566,240.0,119.38,25.5,12.5,1,0
1000,140,93.35,14.66,15.705,240.0,119.38,25.5,12.5,1,0
1000,150,93.21,15.707,16.85,240.0,119.38,25.5,12.5,1,0
1000,160,93.06,16.754,18.004,240.0,119.38,25.5,12.5,1,0
1000,170,92.87,17.801,19.168,240.0,119.38,25.5,12.5,1,0
1000,180,92.63,18.848,20.348,240.0,119.38,25.5,12.5,1,0
1000,190,92.31,19.895,21.552,240.0,119.38,25.5,12.5,1,0
1000,200,91.88,20.942,22.793,240.0,119.38,25.5,12.5,1,0
1000,210,91.33,21.99,24.078,240.0,119.38,25.5,12.5,1,0
1000,220,90.73,23.037,25.391,240.0,119.38,25.5,12.5,1,0
1000,230,90.16,24.084,26.713,240.0,119.38,25.5,12.5,1,0
1000,240,89.39,25.131,28.113,240.0,119.38,25.5,12.5,1,0
1250,0,,0.0,,240.0,120.56,32.06,15.78,1,1
1250,10,88.38,1.309,1.481,240.0,120.56,32.06,15.78,1,1
1250,20,89.41,2.618,2.928,240.0,120.56,32.06,15.78,1,1
1250,30,90.38,3.927,4.344,240.0,120.56,32.06,15.78,1,1
1250,40,91.43,5.236,5.727,240.0,120.56,32.06,15.78,1,1
1250,50,92.33,6.545,7.088,240.0,120.56,32.06,15.78,1,1
1250,60,92.93,7.853,8.451,240.0,120.56,32.06,15.78,1,1
1250,70,93.31,9.162,9.819,240.0,120.56,32.06,15.78,1,1
1250,80,93.64,10.471,11.183,240.0,120.56,32.06,15.78,1,1
1250,90,93.96,11.78,12.537,240.0,120.56,32.06,15.78,1,1
1250,100,94.23,13.089,13.89,240.0,120.56,32.06,15.78,1,1
1250,110,94.36,14.398,15.259,240.0,120.56,32.06,15.78,1,1
1250,120,94.32,15.707,16.652,240.0,120.56,32.06,15.78,1,1
1250,130,94.19,17.016,18.065,240.0,120.56,32.06,15.78,1,0
1250,140,94.04,18.325,19.487,240.0,120.56,32.06,15.78,1,0
1250,150,93.86,19.634,20.917,240.0,120.56,32.06,15.78,1,0
1250,160,93.66,20.942,22.36,240.0,120.56,32.06,15.78,1,0
1250,170,93.42,22.251,23.817,240.0,120.56,32.06,15.78,1,0
1250,180,93.14,23.56,25.297,240.0,120.56,32.06,15.78,1,0
1250,190,92.76,24.869,26.81,240.0,120.56,32.06,15.78,1,0
1250,200,92.26,26.178,28.374,240.0,120.56,32.06,15.78,1,0
1250,210,91.62,27.487,30.0,240.0,120.56,32.06,15.78,1,0
1250,220,90.94,28.796,31.665,240.0,120.56,32.06,15.78,1,0
1250,230,90.29,30.105,33.341,240.0,120.56,32.06,15.78,1,0
1250,240,89.48,31.414,35.109,240.0,120.56,32.06,15.78,1,0
1500,0,,0.0,,240.0,120.97,38.5,19.0,1,1
1500,10,88.39,1.571,1.777,240.0,120.97,38.5,19.0,1,1
1500,20,89.44,3.141,3.512,240.0,120.97,38.5,19.0,1,1
1500,30,90.44,4.712,5.21,240.0,120.97,38.5,19.0,1,1
1500,40,91.52,6.283,6.865,240.0,120.97,38.5,19.0,1,1
1500,50,92.47,7.853,8.493,240.0,120.97,38.5,19.0,1,1
1500,60,93.11,9.424,10.121,240.0,120.97,38.5,19.0,1,1
1500,70,93.55,10.995,11.753,240.0,120.97,38.5,19.0,1,1
1500,80,93.95,12.565,13.374,240.0,120.97,38.5,19.0,1,1
1500,90,94.38,14.136,14.978,240.0,120.97,38.5,19.0,1,1
1500,100,94.74,15.707,16.579,240.0,120.97,38.5,19.0,1,1
1500,110,94.89,17.277,18.208,240.0,120.97,38.5,19.0,1,1
1500,120,94.82,18.848,19.878,240.0,120.97,38.5,19.0,1,1
1500,130,94.63,20.419,21.577,240.0,120.97,38.5,19.0,1,0
1500,140,94.42,21.99,23.289,240.0,120.97,38.5,19.0,1,0
1500,150,94.2,23.56,25.011,240.0,120.97,38.5,19.0,1,0
1500,160,93.96,25.131,26.747,240.0,120.97,38.5,19.0,1,0
1500,170,93.68,26.702,28.503,240.0,120.97,38.5,19.0,1,0
1500,180,93.35,28.272,30.287,240.0,120.97,38.5,19.0,1,0
1500,190,92.94,29.843,32.111,240.0,120.97,38.5,19.0,1,0
1500,200,92.4,31.414,33.999,240.0,120.97,38.5,19.0,1,0
1500,210,91.72,32.984,35.96,240.0,120.97,38.5,19.0,1,0
1500,220,91.01,34.555,37.97,240.0,120.97,38.5,19.0,1,0
1500,230,90.34,36.126,39.99,240.0,120.97,38.5,19.0,1,0
1500,240,89.5,37.696,42.119,240.0,120.97,38.5,19.0,1,0
1750,0,,0.0,,240.0,121.42,44.56,22.25,1,1
1750,10,88.39,1.832,2.073,240.0,121.42,44.56,22.25,1,1
1750,20,89.44,3.665,4.097,240.0,121.42,44.56,22.25,1,1
1750,30,90.46,5.497,6.077,240.0,121.42,44.56,22.25,1,1
1750,40,91.56,7.33,8.006,240.0,121.42,44.56,22.25,1,1
1750,50,92.53,9.162,9.902,240.0,121.42,44.56,22.25,1,1
1750,60,93.2,10.995,11.796,240.0,121.42,44.56,22.25,1,1
1750,70,93.69,12.827,13.691,240.0,121.42,44.56,22.25,1,1
1750,80,94.17,14.66,15.567,240.0,121.42,44.56,22.25,1,1
1750,90,94.7,16.492,17.415,240.0,121.42,44.56,22.25,1,1
1750,100,95.15,18.325,19.259,240.0,121.42,44.56,22.25,1,1
1750,110,95.33,20.157,21.144,240.0,121.42,44.56,22.25,1,1
1750,120,95.22,21.99,23.093,240.0,121.42,44.56,22.25,1,1
1750,130,94.97,23.822,25.085,240.0,121.42,44.56,22.25,1,0
1750,140,94.7,25.654,27.091,240.0,121.42,44.56,22.25,1,0
1750,150,94.43,27.487,29.108,240.0,121.42,44.56,22.25,1,0
1750,160,94.15,29.319,31.141,240.0,121.42,44.56,22.25,1,0
1750,170,93.83,31.152,33.2,240.0,121.42,44.56,22.25,1,0
1750,180,93.47,32.984,35.29,240.0,121.42,44.56,22.25,1,0
1750,190,93.02,34.817,37.429,240.0,121.42,44.56,22.25,1,0
1750,200,92.46,36.649,39.64,240.0,121.42,44.56,22.25,1,0
1750,210,91.76,38.482,41.936,240.0,121.42,44.56,22.25,1,0
1750,220,91.03,40.314,44.287,240.0,121.42,44.56,22.25,1,0
1750,230,90.35,42.147,46.649,240.0,121.42,44.56,22.25,1,0
1750,240,89.5,43.979,49.136,240.0,121.42,44.56,22.25,1,0
2000,0,,0.0,,240.0,121.76,50.5,25.5,1,1
2000,10,88.39,2.094,2.369,240.0,121.76,50.5,25.5,1,1
2000,20,89.45,4.188,4.683,240.0,121.76,50.5,25.5,1,1
2000,30,90.47,6.283,6.945,240.0,121.76,50.5,25.5,1,1
2000,40,91.58,8.377,9.148,240.0,121.76,50.5,25.5,1,1
2000,50,92.57,10.471,11.312,240.0,121.76,50.5,25.5,1,1
2000,60,93.26,12.565,13.473,240.0,121.76,50.5,25.5,1,1
2000,70,93.79,14.66,15.63,240.0,121.76,50.5,25.5,1,1
2000,80,94.34,16.754,17.759,240.0,121.76,50.5,25.5,1,1
2000,90,94.96,18.848,19.848,240.0,121.76,50.5,25.5,1,1
2000,100,95.49,20.942,21.93,240.0,121.76,50.5,25.5,1,1
2000,110,95.7,23.037,24.071,240.0,121.76,50.5,25.5,1,1
2000,120,95.55,25.131,26.3,240.0,121.76,50.5,25.5,1,1
2000,130,95.24,27.225,28.587,240.0,121.76,50.5,25.5,1,0
2000,140,94.91,29.319,30.891,240.0,121.76,50.5,25.5,1,0
2000,150,94.61,31.414,33.204,240.0,121.76,50.5,25.5,1,0
2000,160,94.29,33.508,35.537,240.0,121.76,50.5,25.5,1,0
2000,170,93.94,35.602,37.899,240.0,121.76,50.5,25.5,1,0
2000,180,93.54,37.696,40.298,240.0,121.76,50.5,25.5,1,0
2000,190,93.07,39.791,42.752,240.0,121.76,50.5,25.5,1,0
2000,200,92.49,41.885,45.287,240.0,121.76,50.5,25.5,1,0
2000,210,91.78,43.979,47.918,240.0,121.76,50.5,25.5,1,0
2000,220,91.04,46.073,50.609,240.0,121.76,50.5,25.5,1,0
2000,230,90.35,48.168,53.312,240.0,121.76,50.5,25.5,1,0
2000,240,89.5,50.262,56.157,240.0,121.76,50.5,25.5,1,0
2250,0,,0.0,,239.81,122.03,56.5,28.75,1,1
2250,10,88.38,2.356,2.666,239.81,122.03,56.5,28.75,1,1
2250,20,89.44,4.712,5.268,239.81,122.03,56.5,28.75,1,1
2250,30,90.46,7.068,7.813,239.81,122.03,56.5,28.75,1,1
2250,40,91.58,9.424,10.29,239.81,122.03,56.5,28.75,1,1
2250,50,92.58,11.78,12.724,239.81,122.03,56.5,28.75,1,1
2250,60,93.3,14.136,15.152,239.81,122.03,56.5,28.75,1,1
2250,70,93.86,16.492,17.572,239.81,122.03,56.5,28.75,1,1
2250,80,94.46,18.848,19.955,239.81,122.03,56.5,28.75,1,1
2250,90,95.14,21.204,22.286,239.81,122.03,56.5,28.75,1,1
2250,100,95.73,23.56,24.61,239.81,122.03,56.5,28.75,1,1
2250,110,95.96,25.916,27.008,239.81,122.03,56.5,28.75,1,1
2250,120,95.78,28.272,29.517,239.81,122.03,56.5,28.75,1,1
2250,130,95.42,30.628,32.097,239.81,122.03,56.5,28.75,1,0
2250,140,95.06,32.984,34.698,239.81,122.03,56.5,28.75,1,0
2250,150,94.73,35.34,37.307,239.81,122.03,56.5,28.75,1,0
2250,160,94.39,37.696,39.939,239.81,122.03,56.5,28.75,1,0
2250,170,94.01,40.052,42.604,239.81,122.03,56.5,28.75,1,0
2250,180,93.59,42.408,45.312,239.81,122.03,56.5,28.75,1,0
2250,190,93.1,44.764,48.08,239.81,122.03,56.5,28.75,1,0
2250,200,92.5,47.12,50.939,239.81,122.03,56.5,28.75,1,0
2250,210,91.79,49.476,53.904,239.81,122.03,56.5,28.75,1,0
2250,220,91.04,51.832,56.936,239.81,122.03,56.5,28.75,1,0
2250,230,90.34,54.188,59.98,239.81,122.03,56.5,28.75,1,0
2250,240,,56.545,,239.81,122.03,56.5,28.75,0,0
2500,0,,0.0,,238.75,122.24,62.5,32.0,1,1
2500,10,88.37,2.618,2.962,238.75,122.24,62.5,32.0,1,1
2500,20,89.43,5.236,5.854,238.75,122.24,62.5,32.0,1,1
2500,30,90.46,7.853,8.682,238.75,122.24,62.5,32.0,1,1
2500,40,91.58,10.471,11.434,238.75,122.24,62.5,32.0,1,1
2500,50,92.58,13.089,14.138,238.75,122.24,62.5,32.0,1,1
2500,60,93.3,15.707,16.834,238.75,122.24,62.5,32.0,1,1
2500,70,93.88,18.325,19.52,238.75,122.24,62.5,32.0,1,1
2500,80,94.5,20.942,22.162,238.75,122.24,62.5,32.0,1,1
2500,90,95.21,23.56,24.744,238.75,122.24,62.5,32.0,1,1
2500,100,95.83,26.178,27.318,238.75,122.24,62.5,32.0,1,1
2500,110,96.06,28.796,29.977,238.75,122.24,62.5,32.0,1,1
2500,120,95.88,31.414,32.764,238.75,122.24,62.5,32.0,1,1
2500,130,95.5,34.031,35.634,238.75,122.24,62.5,32.0,1,0
2500,140,95.13,36.649,38.527,238.75,122.24,62.5,32.0,1,0
2500,150,94.78,39.267,41.43,238.75,122.24,62.5,32.0,1,0
2500,160,94.42,41.885,44.358,238.75,122.24,62.5,32.0,1,0
2500,170,94.04,44.503,47.325,238.75,122.24,62.5,32.0,1,0
2500,180,93.61,47.12,50.338,238.75,122.24,62.5,32.0,1,0
2500,190,93.11,49.738,53.419,238.75,122.24,62.5,32.0,1,0
2500,200,92.5,52.356,56.599,238.75,122.24,62.5,32.0,1,0
2500,210,91.78,54.974,59.897,238.75,122.24,62.5,32.0,1,0
2500,220,91.03,57.592,63.268,238.75,122.24,62.5,32.0,1,0
2500,230,90.33,60.209,66.652,238.75,122.24,62.5,32.0,1,0
2500,240,,62.827,,238.75,122.24,62.5,32.0,0,0
2750,0,,0.0,,238.49,122.41,68.67,35.25,1,1
2750,10,88.35,2.88,3.259,238.49,122.41,68.67,35.25,1,1
2750,20,89.41,5.759,6.441,238.49,122.41,68.67,35.25,1,1
2750,30,90.44,8.639,9.552,238.49,122.41,68.67,35.25,1,1
2750,40,91.56,11.518,12.58,238.49,122.41,68.67,35.25,1,1
2750,50,92.56,14.398,15.555,238.49,122.41,68.67,35.25,1,1
2750,60,93.28,17.277,18.522,238.49,122.41,68.67,35.25,1,1
2750,70,93.85,20.157,21.478,238.49,122.41,68.67,35.25,1,1
2750,80,94.46,23.037,24.388,238.49,122.41,68.67,35.25,1,1
2750,90,95.16,25.916,27.234,238.49,122.41,68.67,35.25,1,1
2750,100,95.76,28.796,30.071,238.49,122.41,68.67,35.25,1,1
2750,110,95.99,31.675,32.998,238.49,122.41,68.67,35.25,1,1
2750,120,95.82,34.555,36.062,238.49,122.41,68.67,35.25,1,1
2750,130,95.46,37.435,39.215,238.49,122.41,68.67,35.25,1,0
2750,140,95.09,40.314,42.394,238.49,122.41,68.67,35.25,1,0
2750,150,94.75,43.194,45.585,238.49,122.41,68.67,35.25,1,0
2750,160,94.4,46.073,48.806,238.49,122.41,68.67,35.25,1,0
2750,170,94.01,48.953,52.069,238.49,122.41,68.67,35.25,1,0
2750,180,93.59,51.832,55.384,238.49,122.41,68.67,35.25,1,0
2750,190,93.09,54.712,58.773,238.49,122.41,68.67,35.25,1,0
2750,200,92.48,57.592,62.272,238.49,122.41,68.67,35.25,1,0
2750,210,91.76,60.471,65.899,238.49,122.41,68.67,35.25,1,0
2750,220,91.01,63.351,69.609,238.49,122.41,68.67,35.25,1,0
2750,230,90.32,66.23,73.332,238.49,122.41,68.67,35.25,1,0
2750,240,,69.11,,238.49,122.41,68.67,35.25,0,0
3000,0,,0.0,,237.16,122.56,74.5,38.5,1,1
3000,10,88.33,3.141,3.556,237.16,122.56,74.5,38.5,1,1
3000,20,89.39,6.283,7.029,237.16,122.56,74.5,38.5,1,1
3000,30,90.41,9.424,10.424,237.16,122.56,74.5,38.5,1,1
3000,40,91.53,12.565,13.729,237.16,122.56,74.5,38.5,1,1
3000,50,92.52,15.707,16.976,237.16,122.56,74.5,38.5,1,1
3000,60,93.23,18.848,20.216,237.16,122.56,74.5,38.5,1,1
3000,70,93.78,21.99,23.449,237.16,122.56,74.5,38.5,1,1
3000,80,94.35,25.131,26.637,237.16,122.56,74.5,38.5,1,1
3000,90,94.99,28.272,29.764,237.16,122.56,74.5,38.5,1,1
3000,100,95.54,31.414,32.881,237.16,122.56,74.5,38.5,1,1
3000,110,95.76,34.555,36.085,237.16,122.56,74.5,38.5,1,1
3000,120,95.62,37.696,39.424,237.16,122.56,74.5,38.5,1,1
3000,130,95.3,40.838,42.851,237.16,122.56,74.5,38.5,1,0
3000,140,94.97,43.979,46.308,237.16,122.56,74.5,38.5,1,0
3000,150,94.65,47.12,49.783,237.16,122.56,74.5,38.5,1,0
3000,160,94.32,50.262,53.291,237.16,122.56,74.5,38.5,1,0
3000,170,93.94,53.403,56.846,237.16,122.56,74.5,38.5,1,0
3000,180,93.53,56.545,60.456,237.16,122.56,74.5,38.5,1,0
3000,190,93.04,59.686,64.148,237.16,122.56,74.5,38.5,1,0
3000,200,92.45,62.827,67.96,237.16,122.56,74.5,38.5,1,0
3000,210,91.73,65.969,71.915,237.16,122.56,74.5,38.5,1,0
3000,220,90.98,69.11,75.96,237.16,122.56,74.5,38.5,1,0
3000,230,90.29,72.251,80.02,237.16,122.56,74.5,38.5,1,0
3000,240,,75.393,,237.16,122.56,74.5,38.5,0,0
3250,0,,0.0,,233.81,122.88,79.57,41.82,1,1
3250,10,88.3,3.403,3.854,233.81,122.88,79.57,41.82,1,1
3250,20,89.35,6.806,7.617,233.81,122.88,79.57,41.82,1,1
3250,30,90.37,10.209,11.297,233.81,122.88,79.57,41.82,1,1
3250,40,91.48,13.613,14.88,233.81,122.88,79.57,41.82,1,1
3250,50,92.47,17.016,18.402,233.81,122.88,79.57,41.82,1,1
3250,60,93.16,20.419,21.919,233.81,122.88,79.57,41.82,1,1
3250,70,93.67,23.822,25.433,233.81,122.88,79.57,41.82,1,1
3250,80,94.17,27.225,28.91,233.81,122.88,79.57,41.82,1,1
3250,90,94.73,30.628,32.334,233.81,122.88,79.57,41.82,1,1
3250,100,95.2,34.031,35.747,233.81,122.88,79.57,41.82,1,1
3250,110,95.4,37.435,39.238,233.81,122.88,79.57,41.82,1,1
3250,120,95.3,40.838,42.85,233.81,122.88,79.57,41.82,1,1
3250,130,95.05,44.241,46.546,233.81,122.88,79.57,41.82,1,0
3250,140,94.77,47.644,50.275,233.81,122.88,79.57,41.82,1,0
3250,150,94.48,51.047,54.028,233.81,122.88,79.57,41.82,1,0
3250,160,94.17,54.45,57.818,233.81,122.88,79.57,41.82,1,0
3250,170,93.83,57.853,61.658,233.81,122.88,79.57,41.82,1,0
3250,180,93.44,61.257,65.558,233.81,122.88,79.57,41.82,1,0
3250,190,92.97,64.66,69.546,233.81,122.88,79.57,41.82,1,0
3250,200,92.39,68.063,73.668,233.81,122.88,79.57,41.82,1,0
3250,210,91.69,71.466,77.946,233.81,122.88,79.57,41.82,1,0
3250,220,90.94,74.869,82.324,233.81,122.88,79.57,41.82,1,0
3250,230,90.26,78.272,86.721,233.81,122.88,79.57,41.82,1,0
3250,240,,81.675,,233.81,122.88,79.57,41.82,0,0
3500,0,,0.0,,229.2,122.79,84.0,45.0,1,1
3500,10,88.26,3.665,4.153,229.2,122.79,84.0,45.0,1,1
3500,20,89.31,7.33,8.207,229.2,122.79,84.0,45.0,1,1
3500,30,90.32,10.995,12.173,229.2,122.79,84.0,45.0,1,1
3500,40,91.42,14.66,16.035,229.2,122.79,84.0,45.0,1,1
3500,50,92.39,18.325,19.833,229.2,122.79,84.0,45.0,1,1
3500,60,93.06,21.99,23.63,229.2,122.79,84.0,45.0,1,1
3500,70,93.52,25.654,27.431,229.2,122.79,84.0,45.0,1,1
3500,80,93.95,29.319,31.206,229.2,122.79,84.0,45.0,1,1
3500,90,94.41,32.984,34.937,229.2,122.79,84.0,45.0,1,1
3500,100,94.8,36.649,38.66,229.2,122.79,84.0,45.0,1,1
3500,110,94.98,40.314,42.447,229.2,122.79,84.0,45.0,1,1
3500,120,94.92,43.979,46.334,229.2,122.79,84.0,45.0,1,1
3500,130,94.73,47.644,50.296,229.2,122.79,84.0,45.0,1,0
3500,140,94.5,51.309,54.294,229.2,122.79,84.0,45.0,1,0
3500,150,94.26,54.974,58.321,229.2,122.79,84.0,45.0,1,0
3500,160,93.99,58.639,62.389,229.2,122.79,84.0,45.0,1,0
3500,170,93.68,62.304,66.508,229.2,122.79,84.0,45.0,1,0
3500,180,93.32,65.969,70.691,229.2,122.79,84.0,45.0,1,0
3500,190,92.88,69.634,74.971,229.2,122.79,84.0,45.0,1,0
3500,200,92.32,73.298,79.397,229.2,122.79,84.0,45.0,1,0
3500,210,91.63,76.963,83.996,229.2,122.79,84.0,45.0,1,0
3500,220,90.89,80.628,88.705,229.2,122.79,84.0,45.0,1,0
3500,230,,84.293,,229.2,122.79,84.0,45.0,0,0
3500,240,,87.958,,229.2,122.79,84.0,45.0,0,0
3750,0,,0.0,,223.54,122.26,87.78,48.01,1,1
3750,10,88.21,3.927,4.452,223.54,122.26,87.78,48.01,1,1
3750,20,89.26,7.853,8.799,223.54,122.26,87.78,48.01,1,1
3750,30,90.26,11.78,13.051,223.54,122.26,87.78,48.01,1,1
3750,40,91.35,15.707,17.194,223.54,122.26,87.78,48.01,1,1
3750,50,92.3,19.634,21.271,223.54,122.26,87.78,48.01,1,1
3750,60,92.94,23.56,25.35,223.54,122.26,87.78,48.01,1,1
3750,70,93.36,27.487,29.442,223.54,122.26,87.78,48.01,1,1
3750,80,93.72,31.414,33.52,223.54,122.26,87.78,48.01,1,1
3750,90,94.07,35.34,37.567,223.54,122.26,87.78,48.01,1,1
3750,100,94.38,39.267,41.607,223.54,122.26,87.78,48.01,1,1
3750,110,94.52,43.194,45.696,223.54,122.26,87.78,48.01,1,1
3750,120,94.5,47.12,49.863,223.54,122.26,87.78,48.01,1,1
3750,130,94.37,51.047,54.092,223.54,122.26,87.78,48.01,1,0
3750,140,94.2,54.974,58.359,223.54,122.26,87.78,48.01,1,0
3750,150,94.0,58.901,62.658,223.54,122.26,87.78,48.01,1,0
3750,160,93.77,62.827,67.0,223.54,122.26,87.78,48.01,1,0
3750,170,93.5,66.754,71.394,223.54,122.26,87.78,48.01,1,0
3750,180,93.18,70.681,75.856,223.54,122.26,87.78,48.01,1,0
3750,190,92.77,74.607,80.424,223.54,122.26,87.78,48.01,1,0
3750,200,92.23,78.534,85.151,223.54,122.26,87.78,48.01,1,0
3750,210,91.56,82.461,90.067,223.54,122.26,87.78,48.01,1,0
3750,220,90.83,86.387,95.105,223.54,122.26,87.78,48.01,1,0
3750,230,,90.314,,223.54,122.26,87.78,48.01,0,0
3750,240,,94.241,,223.54,122.26,87.78,48.01,0,0
4000,0,,0.0,,217.26,120.57,91.0,50.5,1,1
4000,10,88.15,4.188,4.752,217.26,120.57,91.0,50.5,1,1
4000,20,89.19,8.377,9.392,217.26,120.57,91.0,50.5,1,1
4000,30,90.19,12.565,13.933,217.26,120.57,91.0,50.5,1,1
4000,40,91.26,16.754,18.358,217.26,120.57,91.0,50.5,1,1
4000,50,92.19,20.942,22.716,217.26,120.57,91.0,50.5,1,1
4000,60,92.8,25.131,27.081,217.26,120.57,91.0,50.5,1,1
4000,70,93.17,29.319,31.467,217.26,120.57,91.0,50.5,1,1
4000,80,93.46,33.508,35.851,217.26,120.57,91.0,50.5,1,1
4000,90,93.73,37.696,40.216,217.26,120.57,91.0,50.5,1,1
4000,100,93.96,41.885,44.577,217.26,120.57,91.0,50.5,1,1
4000,110,94.08,46.073,48.972,217.26,120.57,91.0,50.5,1,1
4000,120,94.08,50.262,53.424,217.26,120.57,91.0,50.5,1,1
4000,130,94.0,54.45,57.927,217.26,120.57,91.0,50.5,1,0
4000,140,93.88,58.639,62.465,217.26,120.57,91.0,50.5,1,0
4000,150,93.72,62.827,67.037,217.26,120.57,91.0,50.5,1,0
4000,160,93.53,67.016,71.653,217.26,120.57,91.0,50.5,1,0
4000,170,93.3,71.204,76.32,217.26,120.57,91.0,50.5,1,0
4000,180,93.01,75.393,81.058,217.26,120.57,91.0,50.5,1,0
4000,190,92.63,79.581,85.91,217.26,120.57,91.0,50.5,1,0
4000,200,92.12,83.77,90.936,217.26,120.57,91.0,50.5,1,0
4000,210,91.46,87.958,96.166,217.26,120.57,91.0,50.5,1,0
4000,220,,92.147,,217.26,120.57,91.0,50.5,0,0
4000,230,,96.335,,217.26,120.57,91.0,50.5,0,0
4000,240,,100.524,,217.26,120.57,91.0,50.5,0,0
4250,0,,0.0,,210.49,117.17,93.67,52.14,1,1
4250,10,88.07,4.45,5.053,210.49,117.17,93.67,52.14,1,1
4250,20,89.11,8.901,9.988,210.49,117.17,93.67,52.14,1,1
4250,30,90.09,13.351,14.819,210.49,117.17,93.67,52.14,1,1
4250,40,91.14,17.801,19.531,210.49,117.17,93.67,52.14,1,1
4250,50,92.05,22.251,24.174,210.49,117.17,93.67,52.14,1,1
4250,60,92.62,26.702,28.828,210.49,117.17,93.67,52.14,1,1
4250,70,92.96,31.152,33.511,210.49,117.17,93.67,52.14,1,1
4250,80,93.19,35.602,38.203,210.49,117.17,93.67,52.14,1,1
4250,90,93.39,40.052,42.887,210.49,117.17,93.67,52.14,1,1
4250,100,93.55,44.503,47.569,210.49,117.17,93.67,52.14,1,1
4250,110,93.65,48.953,52.273,210.49,117.17,93.67,52.14,1,1
4250,120,93.66,53.403,57.018,210.49,117.17,93.67,52.14,1,0
4250,130,93.61,57.853,61.801,210.49,117.17,93.67,52.14,1,0
4250,140,93.53,62.304,66.617,210.49,117.17,93.67,52.14,1,0
4250,150,93.41,66.754,71.466,210.49,117.17,93.67,52.14,1,0
4250,160,93.25,71.204,76.356,210.49,117.17,93.67,52.14,1,0
4250,170,93.06,75.654,81.297,210.49,117.17,93.67,52.14,1,0
4250,180,92.81,80.105,86.312,210.49,117.17,93.67,52.14,1,0
4250,190,92.46,84.555,91.448,210.49,117.17,93.67,52.14,1,0
4250,200,91.98,89.005,96.769,210.49,117.17,93.67,52.14,1,0
4250,210,91.35,93.455,102.31,210.49,117.17,93.67,52.14,1,0
4250,220,,97.906,,210.49,117.17,93.67,52.14,0,0
4250,230,,102.356,,210.49,117.17,93.67,52.14,0,0
4250,240,,106.806,,210.49,117.17,93.67,52.14,0,0
4500,0,,0.0,,203.73,113.54,96.0,53.5,1,1
4500,10,87.98,4.712,5.356,203.73,113.54,96.0,53.5,1,1
4500,20,89.01,9.424,10.588,203.73,113.54,96.0,53.5,1,1
4500,30,89.96,14.136,15.714,203.73,113.54,96.0,53.5,1,1
4500,40,90.97,18.848,20.719,203.73,113.54,96.0,53.5,1,1
4500,50,91.83,23.56,25.656,203.73,113.54,96.0,53.5,1,1
4500,60,92.37,28.272,30.608,203.73,113.54,96.0,53.5,1,1
4500,70,92.67,32.984,35.595,203.73,113.54,96.0,53.5,1,1
4500,80,92.85,37.696,40.598,203.73,113.54,96.0,53.5,1,1
4500,90,93.0,42.408,45.602,203.73,113.54,96.0,53.5,1,1
4500,100,93.11,47.12,50.606,203.73,113.54,96.0,53.5,1,1
4500,110,93.18,51.832,55.625,203.73,113.54,96.0,53.5,1,1
4500,120,93.2,56.545,60.671,203.73,113.54,96.0,53.5,1,0
4500,130,93.17,61.257,65.746,203.73,113.54,96.0,53.5,1,0
4500,140,93.11,65.969,70.849,203.73,113.54,96.0,53.5,1,0
4500,150,93.02,70.681,75.982,203.73,113.54,96.0,53.5,1,0
4500,160,92.9,75.393,81.153,203.73,113.54,96.0,53.5,1,0
4500,170,92.74,80.105,86.372,203.73,113.54,96.0,53.5,1,0
4500,180,92.53,84.817,91.666,203.73,113.54,96.0,53.5,1,0
4500,190,92.22,89.529,97.086,203.73,113.54,96.0,53.5,1,0
4500,200,91.76,94.241,102.699,203.73,113.54,96.0,53.5,1,0
4500,210,,98.953,,203.73,113.54,96.0,53.5,0,0
4500,220,,103.665,,203.73,113.54,96.0,53.5,0,0
4500,230,,108.377,,203.73,113.54,96.0,53.5,0,0
4500,240,,113.089,,203.73,113.54,96.0,53.5,0,0
4750,0,,0.0,,197.27,110.2,98.12,54.81,1,1
4750,10,87.87,4.974,5.661,197.27,110.2,98.12,54.81,1,1
4750,20,88.86,9.948,11.195,197.27,110.2,98.12,54.81,1,1
4750,30,89.76,14.921,16.624,197.27,110.2,98.12,54.81,1,1
4750,40,90.68,19.895,21.94,197.27,110.2,98.12,54.81,1,1
4750,50,91.46,24.869,27.19,197.27,110.2,98.12,54.81,1,1
4750,60,91.94,29.843,32.458,197.27,110.2,98.12,54.81,1,1
4750,70,92.2,34.817,37.764,197.27,110.2,98.12,54.81,1,1
4750,80,92.34,39.791,43.091,197.27,110.2,98.12,54.81,1,1
4750,90,92.45,44.764,48.423,197.27,110.2,98.12,54.81,1,1
4750,100,92.52,49.738,53.757,197.27,110.2,98.12,54.81,1,1
4750,110,92.57,54.712,59.101,197.27,110.2,98.12,54.81,1,1
4750,120,92.59,59.686,64.462,197.27,110.2,98.12,54.81,1,0
4750,130,92.58,64.66,69.845,197.27,110.2,98.12,54.81,1,0
4750,140,92.54,69.634,75.25,197.27,110.2,98.12,54.81,1,0
4750,150,92.47,74.607,80.682,197.27,110.2,98.12,54.81,1,0
4750,160,92.38,79.581,86.146,197.27,110.2,98.12,54.81,1,0
4750,170,92.25,84.555,91.655,197.27,110.2,98.12,54.81,1,0
4750,180,92.07,89.529,97.236,197.27,110.2,98.12,54.81,1,0
4750,190,91.8,94.503,102.94,197.27,110.2,98.12,54.81,1,0
4750,200,,99.476,,197.27,110.2,98.12,54.81,0,0
4750,210,,104.45,,197.27,110.2,98.12,54.81,0,0
4750,220,,109.424,,197.27,110.2,98.12,54.81,0,0
4750,230,,114.398,,197.27,110.2,98.12,54.81,0,0
4750,240,,119.372,,197.27,110.2,98.12,54.81,0,0
5000,0,,0.0,,191.0,106.96,100.0,56.0,1,1
5000,10,87.72,5.236,5.969,191.0,106.96,100.0,56.0,1,1
5000,20,88.65,10.471,11.811,191.0,106.96,100.0,56.0,1,1
5000,30,89.44,15.707,17.561,191.0,106.96,100.0,56.0,1,1
5000,40,90.21,20.942,23.216,191.0,106.96,100.0,56.0,1,1
5000,50,90.84,26.178,28.818,191.0,106.96,100.0,56.0,1,1
5000,60,91.22,31.414,34.436,191.0,106.96,100.0,56.0,1,1
5000,70,91.42,36.649,40.089,191.0,106.96,100.0,56.0,1,1
5000,80,91.53,41.885,45.762,191.0,106.96,100.0,56.0,1,1
5000,90,91.6,47.12,51.442,191.0,106.96,100.0,56.0,1,1
5000,100,91.65,52.356,57.125,191.0,106.96,100.0,56.0,1,1
5000,110,91.69,57.592,62.815,191.0,106.96,100.0,56.0,1,0
5000,120,91.7,62.827,68.515,191.0,106.96,100.0,56.0,1,0
5000,130,91.69,68.063,74.231,191.0,106.96,100.0,56.0,1,0
5000,140,91.66,73.298,79.964,191.0,106.96,100.0,56.0,1,0
5000,150,91.62,78.534,85.718,191.0,106.96,100.0,56.0,1,0
5000,160,91.55,83.77,91.498,191.0,106.96,100.0,56.0,1,0
5000,170,91.46,89.005,97.316,191.0,106.96,100.0,56.0,1,0
5000,180,91.32,94.241,103.195,191.0,106.96,100.0,56.0,1,0
5000,190,91.11,99.476,109.179,191.0,106.96,100.0,56.0,1,0
5000,200,,104.712,,191.0,106.96,100.0,56.0,0,0
5000,210,,109.948,,191.0,106.96,100.0,56.0,0,0
5000,220,,115.183,,191.0,106.96,100.0,56.0,0,0
5000,230,,120.419,,191.0,106.96,100.0,56.0,0,0
5000,240,,125.654,,191.0,106.96,100.0,56.0,0,0
