rpm,command_nm,delivered_nm,n_samples
0.0,0.0,0.0,2
0.0,5.0,4.705196296296297,0
0.0,10.0,9.410392592592594,1
0.0,15.0,14.11558888888889,0
0.0,20.0,18.820785185185187,3
0.0,25.0,23.525981481481484,0
0.0,30.0,28.23117777777778,0
0.0,35.0,32.93637407407408,1
0.0,40.0,37.641570370370374,0
0.0,45.0,42.34676666666667,6
0.0,50.0,42.34676666666667,4
0.0,55.0,42.34676666666667,0
0.0,60.0,42.34676666666667,0
0.0,65.0,42.34676666666667,0
0.0,70.0,42.34676666666667,0
0.0,75.0,42.34676666666667,0
0.0,80.0,42.34676666666667,0
0.0,85.0,42.34676666666667,0
100.0,0.0,0.0,0
100.0,5.0,4.705196296296297,0
100.0,10.0,9.410392592592594,0
100.0,15.0,14.11558888888889,0
100.0,20.0,18.820785185185187,0
100.0,25.0,23.525981481481484,0
100.0,30.0,28.23117777777778,0
100.0,35.0,32.93637407407408,0
100.0,40.0,37.641570370370374,0
100.0,45.0,42.34676666666667,4
100.0,50.0,42.34676666666667,3
100.0,55.0,42.34676666666667,1
100.0,60.0,42.34676666666667,3
100.0,65.0,42.34676666666667,0
100.0,70.0,42.34676666666667,0
100.0,75.0,42.34676666666667,0
100.0,80.0,42.34676666666667,0
100.0,85.0,42.34676666666667,0
200.0,0.0,0.0,0
200.0,5.0,5.0,0
200.0,10.0,10.0,0
200.0,15.0,15.0,0
200.0,20.0,20.0,0
200.0,25.0,25.0,0
200.0,30.0,30.0,0
200.0,35.0,35.0,0
200.0,40.0,40.0,0
200.0,45.0,45.0,3
200.0,50.0,50.0,1
200.0,55.0,55.0,1
200.0,60.0,60.0,0
200.0,65.0,65.0,5
200.0,70.0,67.19844,1
200.0,75.0,67.19844,0
200.0,80.0,67.19844,0
200.0,85.0,67.19844,0
300.0,0.0,0.0,0
300.0,5.0,5.0,0
300.0,10.0,10.0,0
300.0,15.0,15.0,0
300.0,20.0,20.0,0
300.0,25.0,25.0,0
300.0,30.0,30.0,0
300.0,35.0,35.0,0
300.0,40.0,40.0,0
300.0,45.0,45.0,0
300.0,50.0,50.0,0
300.0,55.0,55.0,0
300.0,60.0,60.0,4
300.0,65.0,65.0,4
300.0,70.0,67.19844,4
300.0,75.0,67.19844,0
300.0,80.0,67.19844,0
300.0,85.0,67.19844,0
400.0,0.0,0.0,0
400.0,5.0,5.0,0
400.0,10.0,10.0,0
400.0,15.0,15.0,0
400.0,20.0,20.0,0
400.0,25.0,25.0,0
400.0,30.0,30.0,0
400.0,35.0,35.0,0
400.0,40.0,40.0,0
400.0,45.0,45.0,0
400.0,50.0,49.822093181818175,0
400.0,55.0,54.64176628787878,0
400.0,60.0,59.461439393939386,4
400.0,65.0,64.28111249999999,4
400.0,70.0,66.912989375,0
400.0,75.0,69.54486624999998,2
400.0,80.0,72.17674312499999,1
400.0,85.0,74.80861999999999,0
500.0,0.0,0.0,17
500.0,5.0,5.0,48
500.0,10.0,10.0,12
500.0,15.0,15.0,3
500.0,20.0,20.0,1
500.0,25.0,25.0,0
500.0,30.0,30.0,0
500.0,35.0,35.0,0
500.0,40.0,40.0,0
500.0,45.0,45.0,1
500.0,50.0,49.822093181818175,0
500.0,55.0,54.64176628787878,0
500.0,60.0,59.461439393939386,0
500.0,65.0,64.28111249999999,8
500.0,70.0,66.912989375,0
500.0,75.0,69.54486624999998,0
500.0,80.0,72.17674312499999,1
500.0,85.0,74.80861999999999,5
600.0,0.0,0.0,6
600.0,5.0,5.0,0
600.0,10.0,10.0,0
600.0,15.0,15.0,0
600.0,20.0,20.0,0
600.0,25.0,25.0,0
600.0,30.0,30.0,0
600.0,35.0,35.0,0
600.0,40.0,40.0,0
600.0,45.0,45.0,0
600.0,50.0,50.0,0
600.0,55.0,55.0,0
600.0,60.0,60.0,1
600.0,65.0,65.0,6
600.0,70.0,69.00263333333334,2
600.0,75.0,69.00263333333334,1
600.0,80.0,69.00263333333334,0
600.0,85.0,69.00263333333334,2
700.0,0.0,0.0,0
700.0,5.0,4.95979294117647,0
700.0,10.0,9.91958588235294,0
700.0,15.0,14.87937882352941,0
700.0,20.0,19.83917176470588,0
700.0,25.0,24.79896470588235,0
700.0,30.0,29.75875764705882,0
700.0,35.0,34.71855058823529,0
700.0,40.0,39.67834352941176,0
700.0,45.0,44.638136470588236,0
700.0,50.0,49.5979294117647,0
700.0,55.0,54.55772235294117,3
700.0,60.0,59.51751529411764,1
700.0,65.0,64.47730823529412,3
700.0,70.0,69.43710117647058,0
700.0,75.0,74.39689411764705,2
700.0,80.0,79.35668705882352,1
700.0,85.0,84.31648,5
800.0,0.0,0.0,8
800.0,5.0,5.0,15
800.0,10.0,10.0,28
800.0,15.0,15.0,16
800.0,20.0,20.0,4
800.0,25.0,25.0,4
800.0,30.0,30.0,2
800.0,35.0,35.0,1
800.0,40.0,40.0,0
800.0,45.0,45.0,1
800.0,50.0,50.0,0
800.0,55.0,55.0,3
800.0,60.0,60.0,2
800.0,65.0,65.0,6
800.0,70.0,70.0,0
800.0,75.0,75.0,0
800.0,80.0,80.0,0
800.0,85.0,84.8655,5
900.0,0.0,0.0,9
900.0,5.0,5.0,6
900.0,10.0,10.0,17
900.0,15.0,15.0,4
900.0,20.0,20.0,16
900.0,25.0,25.0,10
900.0,30.0,29.145252380952382,4
900.0,35.0,32.97835476190476,4
900.0,40.0,36.811457142857144,7
900.0,45.0,42.77717714285714,2
900.0,50.0,48.742897142857146,1
900.0,55.0,54.70861714285714,2
900.0,60.0,60.0,2
900.0,65.0,65.0,7
900.0,70.0,70.0,4
900.0,75.0,74.8986,2
900.0,80.0,79.02787142857143,0
900.0,85.0,83.15714285714286,7
1000.0,0.0,0.0,1
1000.0,5.0,5.0,0
1000.0,10.0,10.0,1
1000.0,15.0,15.0,1
1000.0,20.0,20.0,9
1000.0,25.0,25.0,5
1000.0,30.0,30.0,3
1000.0,35.0,35.0,2
1000.0,40.0,40.0,0
1000.0,45.0,45.0,1
1000.0,50.0,50.0,1
1000.0,55.0,55.0,6
1000.0,60.0,60.0,1
1000.0,65.0,65.0,5
1000.0,70.0,70.0,5
1000.0,75.0,75.0,0
1000.0,80.0,80.0,1
1000.0,85.0,84.57723333333334,9
1100.0,0.0,0.0,0
1100.0,5.0,5.0,0
1100.0,10.0,10.0,0
1100.0,15.0,15.0,0
1100.0,20.0,20.0,0
1100.0,25.0,25.0,0
1100.0,30.0,30.0,9
1100.0,35.0,35.0,0
1100.0,40.0,40.0,0
1100.0,45.0,45.0,0
1100.0,50.0,50.0,0
1100.0,55.0,55.0,1
1100.0,60.0,60.0,2
1100.0,65.0,65.0,5
1100.0,70.0,70.0,4
1100.0,75.0,74.8894309090909,4
1100.0,80.0,79.31610636363635,0
1100.0,85.0,83.74278181818181,11
1200.0,0.0,0.0,0
1200.0,5.0,5.0,1
1200.0,10.0,10.0,0
1200.0,15.0,15.0,0
1200.0,20.0,20.0,1
1200.0,25.0,25.0,0
1200.0,30.0,30.0,5
1200.0,35.0,35.0,6
1200.0,40.0,40.0,4
1200.0,45.0,45.0,0
1200.0,50.0,50.0,0
1200.0,55.0,55.0,0
1200.0,60.0,60.0,3
1200.0,65.0,65.0,2
1200.0,70.0,70.0,1
1200.0,75.0,75.0,4
1200.0,80.0,80.0,4
1200.0,85.0,85.0,12
1300.0,0.0,0.0,9
1300.0,5.0,4.972190909090909,4
1300.0,10.0,9.944381818181817,11
1300.0,15.0,15.0,40
1300.0,20.0,20.0,2
1300.0,25.0,25.0,1
1300.0,30.0,30.0,2
1300.0,35.0,35.0,26
1300.0,40.0,40.0,3
1300.0,45.0,45.0,1
1300.0,50.0,50.0,2
1300.0,55.0,55.0,4
1300.0,60.0,60.0,2
1300.0,65.0,65.0,1
1300.0,70.0,70.0,0
1300.0,75.0,75.0,0
1300.0,80.0,80.0,5
1300.0,85.0,84.4748153846154,13
1400.0,0.0,0.0,18
1400.0,5.0,5.0,7
1400.0,10.0,10.0,3
1400.0,15.0,15.0,16
1400.0,20.0,20.0,18
1400.0,25.0,25.0,1
1400.0,30.0,30.0,17
1400.0,35.0,35.0,5
1400.0,40.0,40.0,3
1400.0,45.0,45.0,11
1400.0,50.0,50.0,10
1400.0,55.0,55.0,0
1400.0,60.0,60.0,0
1400.0,65.0,65.0,4
1400.0,70.0,70.0,0
1400.0,75.0,75.0,0
1400.0,80.0,80.0,2
1400.0,85.0,84.90506666666667,12
1500.0,0.0,0.0,1
1500.0,5.0,5.0,5
1500.0,10.0,10.0,1
1500.0,15.0,15.0,4
1500.0,20.0,20.0,6
1500.0,25.0,25.0,8
1500.0,30.0,30.0,4
1500.0,35.0,35.0,3
1500.0,40.0,40.0,10
1500.0,45.0,45.0,10
1500.0,50.0,50.0,4
1500.0,55.0,55.0,0
1500.0,60.0,60.0,1
1500.0,65.0,65.0,5
1500.0,70.0,70.0,0
1500.0,75.0,75.0,0
1500.0,80.0,80.0,0
1500.0,85.0,85.0,16
1600.0,0.0,0.0,8
1600.0,5.0,5.0,9
1600.0,10.0,10.0,13
1600.0,15.0,14.079015384615381,13
1600.0,20.0,20.0,15
1600.0,25.0,25.0,36
1600.0,30.0,29.857705000000003,20
1600.0,35.0,35.0,20
1600.0,40.0,38.978637500000005,24
1600.0,45.0,45.0,35
1600.0,50.0,49.51527142857143,7
1600.0,55.0,54.43056071428572,0
1600.0,60.0,59.345850000000006,6
1600.0,65.0,64.378758,0
1600.0,70.0,69.411666,2
1600.0,75.0,74.444574,3
1600.0,80.0,79.47748200000001,4
1600.0,85.0,84.51039,20
1700.0,0.0,0.0,22
1700.0,5.0,5.0,21
1700.0,10.0,10.0,20
1700.0,15.0,14.84511379310345,29
1700.0,20.0,20.0,39
1700.0,25.0,25.0,56
1700.0,30.0,30.0,31
1700.0,35.0,34.962760975609754,41
1700.0,40.0,40.0,56
1700.0,45.0,43.0131,30
1700.0,50.0,50.0,73
1700.0,55.0,55.0,33
1700.0,60.0,60.0,21
1700.0,65.0,64.074275,8
1700.0,70.0,69.0547258152174,1
1700.0,75.0,74.03517663043479,2
1700.0,80.0,79.01562744565217,3
1700.0,85.0,83.99607826086957,23
1800.0,0.0,0.0,37
1800.0,5.0,5.0,38
1800.0,10.0,10.0,39
1800.0,15.0,15.0,32
1800.0,20.0,20.0,44
1800.0,25.0,25.0,66
1800.0,30.0,30.0,94
1800.0,35.0,33.58135692307692,65
1800.0,40.0,39.041164473684205,76
1800.0,45.0,44.128777647058826,85
1800.0,50.0,49.358292771084315,83
1800.0,55.0,54.62902553191488,47
1800.0,60.0,59.943107499999996,40
1800.0,65.0,63.558705714285715,35
1800.0,70.0,67.63004285714285,14
1800.0,75.0,73.76667499999999,8
1800.0,80.0,79.15237980769231,4
1800.0,85.0,84.53808461538462,26
1900.0,0.0,0.0,68
1900.0,5.0,5.0,71
1900.0,10.0,10.0,81
1900.0,15.0,14.945748913043468,92
1900.0,20.0,20.0,109
1900.0,25.0,24.96943369565219,92
1900.0,30.0,30.0,68
1900.0,35.0,34.11179512195122,82
1900.0,40.0,40.0,72
1900.0,45.0,45.0,101
1900.0,50.0,49.873216455696216,79
1900.0,55.0,55.0,85
1900.0,60.0,59.17697671232876,73
1900.0,65.0,65.0,48
1900.0,70.0,68.84376842105263,38
1900.0,75.0,73.78162368421053,38
1900.0,80.0,78.80879310344827,29
1900.0,85.0,83.60885901639345,61
2000.0,0.0,0.0,112
2000.0,5.0,5.0,79
2000.0,10.0,10.0,101
2000.0,15.0,15.0,129
2000.0,20.0,20.0,135
2000.0,25.0,25.0,207
2000.0,30.0,30.0,167
2000.0,35.0,35.0,165
2000.0,40.0,40.0,132
2000.0,45.0,45.0,112
2000.0,50.0,49.274829032258076,93
2000.0,55.0,55.0,81
2000.0,60.0,58.54512698412698,63
2000.0,65.0,64.9307693548387,62
2000.0,70.0,70.0,70
2000.0,75.0,74.25918444444446,45
2000.0,80.0,80.0,49
2000.0,85.0,84.10917452830189,106
2100.0,0.0,0.0,97
2100.0,5.0,5.0,88
2100.0,10.0,10.0,101
2100.0,15.0,15.0,165
2100.0,20.0,20.0,124
2100.0,25.0,25.0,271
2100.0,30.0,30.0,221
2100.0,35.0,35.0,231
2100.0,40.0,40.0,242
2100.0,45.0,45.0,216
2100.0,50.0,50.0,182
2100.0,55.0,55.0,133
2100.0,60.0,60.0,131
2100.0,65.0,65.0,140
2100.0,70.0,70.0,84
2100.0,75.0,75.0,83
2100.0,80.0,79.26482686567161,67
2100.0,85.0,84.42555380434781,184
2200.0,0.0,0.0,66
2200.0,5.0,5.0,84
2200.0,10.0,10.0,90
2200.0,15.0,15.0,81
2200.0,20.0,20.0,121
2200.0,25.0,25.0,80
2200.0,30.0,30.0,99
2200.0,35.0,35.0,112
2200.0,40.0,40.0,193
2200.0,45.0,45.0,161
2200.0,50.0,50.0,167
2200.0,55.0,55.0,120
2200.0,60.0,60.0,128
2200.0,65.0,65.0,98
2200.0,70.0,70.0,58
2200.0,75.0,75.0,75
2200.0,80.0,80.0,53
2200.0,85.0,84.54458550724638,138
2300.0,0.0,0.0,82
2300.0,5.0,5.0,62
2300.0,10.0,10.0,61
2300.0,15.0,15.0,41
2300.0,20.0,20.0,47
2300.0,25.0,25.0,42
2300.0,30.0,30.0,48
2300.0,35.0,35.0,35
2300.0,40.0,40.0,78
2300.0,45.0,45.0,148
2300.0,50.0,50.0,151
2300.0,55.0,55.0,124
2300.0,60.0,60.0,101
2300.0,65.0,65.0,72
2300.0,70.0,70.0,48
2300.0,75.0,75.0,40
2300.0,80.0,80.0,35
2300.0,85.0,84.66178214285716,112
2400.0,0.0,0.0,34
2400.0,5.0,5.0,45
2400.0,10.0,10.0,27
2400.0,15.0,15.0,29
2400.0,20.0,20.0,21
2400.0,25.0,25.0,40
2400.0,30.0,30.0,45
2400.0,35.0,35.0,37
2400.0,40.0,40.0,86
2400.0,45.0,45.0,125
2400.0,50.0,50.0,120
2400.0,55.0,55.0,111
2400.0,60.0,60.0,102
2400.0,65.0,65.0,76
2400.0,70.0,70.0,52
2400.0,75.0,75.0,50
2400.0,80.0,77.7171074074074,27
2400.0,85.0,83.73314257425741,101
2500.0,0.0,0.0,49
2500.0,5.0,5.0,46
2500.0,10.0,10.0,32
2500.0,15.0,15.0,34
2500.0,20.0,20.0,36
2500.0,25.0,25.0,49
2500.0,30.0,30.0,64
2500.0,35.0,35.0,59
2500.0,40.0,40.0,83
2500.0,45.0,45.0,142
2500.0,50.0,50.0,129
2500.0,55.0,55.0,95
2500.0,60.0,60.0,91
2500.0,65.0,65.0,77
2500.0,70.0,70.0,65
2500.0,75.0,75.0,30
2500.0,80.0,78.41809354838709,31
2500.0,85.0,84.28674500000001,100
2600.0,0.0,0.0,40
2600.0,5.0,5.0,55
2600.0,10.0,10.0,77
2600.0,15.0,15.0,115
2600.0,20.0,20.0,189
2600.0,25.0,25.0,158
2600.0,30.0,30.0,120
2600.0,35.0,35.0,110
2600.0,40.0,40.0,125
2600.0,45.0,45.0,186
2600.0,50.0,50.0,114
2600.0,55.0,55.0,88
2600.0,60.0,60.0,66
2600.0,65.0,65.0,54
2600.0,70.0,70.0,76
2600.0,75.0,72.46484,30
2600.0,80.0,77.74249032258065,31
2600.0,85.0,83.86108425925926,108
2700.0,0.0,0.0,81
2700.0,5.0,5.0,124
2700.0,10.0,10.0,143
2700.0,15.0,15.0,260
2700.0,20.0,20.0,394
2700.0,25.0,25.0,363
2700.0,30.0,30.0,279
2700.0,35.0,35.0,273
2700.0,40.0,40.0,160
2700.0,45.0,45.0,200
2700.0,50.0,50.0,122
2700.0,55.0,55.0,73
2700.0,60.0,59.84187547169812,53
2700.0,65.0,64.92625098039217,51
2700.0,70.0,69.48012549019606,51
2700.0,75.0,72.96802857142858,28
2700.0,80.0,80.0,29
2700.0,85.0,82.47419844961239,129
2800.0,0.0,0.0,114
2800.0,5.0,5.0,149
2800.0,10.0,10.0,209
2800.0,15.0,15.0,236
2800.0,20.0,20.0,423
2800.0,25.0,25.0,635
2800.0,30.0,30.0,513
2800.0,35.0,35.0,344
2800.0,40.0,40.0,239
2800.0,45.0,45.0,113
2800.0,50.0,48.61851121495326,107
2800.0,55.0,53.03948829787233,94
2800.0,60.0,53.849677631578935,76
2800.0,65.0,59.25823181818181,66
2800.0,70.0,60.14091555555557,45
2800.0,75.0,63.44055384615384,39
2800.0,80.0,65.89567999999998,35
2800.0,85.0,70.48070662983423,181
2900.0,0.0,0.0,20
2900.0,5.0,5.0,29
2900.0,10.0,10.0,66
2900.0,15.0,15.0,130
2900.0,20.0,19.547814285714278,196
2900.0,25.0,21.411228078817725,406
2900.0,30.0,24.164448640483403,331
2900.0,35.0,25.179327704485505,379
2900.0,40.0,26.060470344827575,290
2900.0,45.0,28.981488973384028,263
2900.0,50.0,28.981488973384028,218
2900.0,55.0,30.132918309859154,213
2900.0,60.0,30.132918309859154,129
2900.0,65.0,30.132918309859154,103
2900.0,70.0,30.132918309859154,121
2900.0,75.0,33.04463278688526,61
2900.0,80.0,33.38316724137931,58
2900.0,85.0,35.84207105263162,266
3000.0,0.0,0.0,0
3000.0,5.0,5.0,0
3000.0,10.0,10.0,0
3000.0,15.0,15.0,0
3000.0,20.0,19.547814285714278,0
3000.0,25.0,21.411228078817725,0
3000.0,30.0,24.164448640483403,0
3000.0,35.0,25.179327704485505,0
3000.0,40.0,26.060470344827575,0
3000.0,45.0,28.981488973384028,0
3000.0,50.0,28.981488973384028,0
3000.0,55.0,30.132918309859154,0
3000.0,60.0,30.132918309859154,0
3000.0,65.0,30.132918309859154,0
3000.0,70.0,30.132918309859154,0
3000.0,75.0,33.04463278688526,0
3000.0,80.0,33.38316724137931,0
3000.0,85.0,35.84207105263162,0
